month,n,ic_raw_rv,n_factors,ic_raw_ret
2024-11,199,-0.25282858698429983,32,0.1834767052967255
2024-12,199,0.10438249313881266,32,0.04769119656885076
2025-01,199,0.17866642962699583,32,-0.07718263536261513
2025-03,202,0.007688529872554139,32,0.0249518327981422
2025-04,170,0.015133057033967045,32,0.030723896932188133
2025-06,170,0.02684963166257403,32,0.044503161146234954
2025-07,172,-0.08812675696396627,32,-0.04705341170457449
2025-08,202,-0.06745186057622862,32,0.05963577373081923
2025-09,202,0.12797831087012077,32,0.09561617351303904
2025-10,205,-0.01974644162712919,32,0.1386610962344026
2025-11,205,0.04610540117112412,32,-0.03769019655773953
2025-12,205,0.07137545972733031,32,0.0005426726963632929
2026-01,205,-0.018905989944998387,32,-0.005619396395448472
2026-03,210,0.06517672418582428,32,-0.04199024433604818
2026-04,165,-0.036393737708196754,32,0.118985322059134
2026-06,165,-0.012718363537372638,32,0.04950855009500106
2026-07,165,0.10457538417093522,32,-0.02760030667007411
2026-08,197,0.13321709495311038,32,-0.0021311357375687337
