task,method,axis,value_axis,metric,value
E1,A_r2,snr,0.05,auc_or_stat,0.4097265625
E1,A_fnn,snr,0.05,auc_or_stat,0.5114453125
E1,B_ring,snr,0.05,auc_or_stat,0.53841796875
E1,B_ringmax,snr,0.05,auc_or_stat,0.5164257812499999
E1,B_ph_rf,snr,0.05,auc_or_stat,0.48347656250000004
E1,B_perch_rf,snr,0.05,auc_or_stat,0.5376953125
E1,C_classic_rf,snr,0.05,auc_or_stat,0.49048828125000005
E1,BC_rf,snr,0.05,auc_or_stat,0.48162109375
E1,PC_C_rf,snr,0.05,auc_or_stat,0.5276953124999999
E1,ring_pos,snr,0.05,auc_or_stat,256.29375
E1,ring_neg,snr,0.05,auc_or_stat,249.775
E1,ringmax_pos,snr,0.05,auc_or_stat,86.25
E1,ringmax_neg,snr,0.05,auc_or_stat,85.525
E1,r2_pos,snr,0.05,auc_or_stat,-0.15048819486568052
E1,r2_neg,snr,0.05,auc_or_stat,-0.1405878469746825
E1,fnn_pos,snr,0.05,auc_or_stat,0.10011526639344263
E1,fnn_neg,snr,0.05,auc_or_stat,0.1003201844262295
E1,A_r2,snr,0.1,auc_or_stat,0.49511718749999994
E1,A_fnn,snr,0.1,auc_or_stat,0.47642578125
E1,B_ring,snr,0.1,auc_or_stat,0.50576171875
E1,B_ringmax,snr,0.1,auc_or_stat,0.5491406250000002
E1,B_ph_rf,snr,0.1,auc_or_stat,0.5002734375
E1,B_perch_rf,snr,0.1,auc_or_stat,0.5165234375000001
E1,C_classic_rf,snr,0.1,auc_or_stat,0.56873046875
E1,BC_rf,snr,0.1,auc_or_stat,0.5085156249999999
E1,PC_C_rf,snr,0.1,auc_or_stat,0.5155859375
E1,ring_pos,snr,0.1,auc_or_stat,253.1125
E1,ring_neg,snr,0.1,auc_or_stat,252.30625
E1,ringmax_pos,snr,0.1,auc_or_stat,86.53125
E1,ringmax_neg,snr,0.1,auc_or_stat,85.43125
E1,r2_pos,snr,0.1,auc_or_stat,-0.1467996892010628
E1,r2_neg,snr,0.1,auc_or_stat,-0.14761111550483424
E1,fnn_pos,snr,0.1,auc_or_stat,0.10140881147540984
E1,fnn_neg,snr,0.1,auc_or_stat,0.10005122950819671
E1,A_r2,snr,0.2,auc_or_stat,0.4963671874999999
E1,A_fnn,snr,0.2,auc_or_stat,0.5365624999999999
E1,B_ring,snr,0.2,auc_or_stat,0.51228515625
E1,B_ringmax,snr,0.2,auc_or_stat,0.53095703125
E1,B_ph_rf,snr,0.2,auc_or_stat,0.5777734375
E1,B_perch_rf,snr,0.2,auc_or_stat,0.5224023437499999
E1,C_classic_rf,snr,0.2,auc_or_stat,0.5371874999999999
E1,BC_rf,snr,0.2,auc_or_stat,0.5799804687500001
E1,PC_C_rf,snr,0.2,auc_or_stat,0.54544921875
E1,ring_pos,snr,0.2,auc_or_stat,253.71875
E1,ring_neg,snr,0.2,auc_or_stat,252.03125
E1,ringmax_pos,snr,0.2,auc_or_stat,85.875
E1,ringmax_neg,snr,0.2,auc_or_stat,85.35
E1,r2_pos,snr,0.2,auc_or_stat,-0.1487923444855182
E1,r2_neg,snr,0.2,auc_or_stat,-0.14748082919410357
E1,fnn_pos,snr,0.2,auc_or_stat,0.1001280737704918
E1,fnn_neg,snr,0.2,auc_or_stat,0.10165215163934427
E1,A_r2,snr,0.4,auc_or_stat,0.5555078124999999
E1,A_fnn,snr,0.4,auc_or_stat,0.5482421875000001
E1,B_ring,snr,0.4,auc_or_stat,0.4740234375
E1,B_ringmax,snr,0.4,auc_or_stat,0.45140625
E1,B_ph_rf,snr,0.4,auc_or_stat,0.5777929687500001
E1,B_perch_rf,snr,0.4,auc_or_stat,0.50673828125
E1,C_classic_rf,snr,0.4,auc_or_stat,0.89888671875
E1,BC_rf,snr,0.4,auc_or_stat,0.84408203125
E1,PC_C_rf,snr,0.4,auc_or_stat,0.8495703125
E1,ring_pos,snr,0.4,auc_or_stat,252.43125
E1,ring_neg,snr,0.4,auc_or_stat,257.10625
E1,ringmax_pos,snr,0.4,auc_or_stat,85.15625
E1,ringmax_neg,snr,0.4,auc_or_stat,86.7375
E1,r2_pos,snr,0.4,auc_or_stat,-0.14685884749047304
E1,r2_neg,snr,0.4,auc_or_stat,-0.15160320988363002
E1,fnn_pos,snr,0.4,auc_or_stat,0.09902663934426228
E1,fnn_neg,snr,0.4,auc_or_stat,0.1014984631147541
E1,A_r2,snr,0.8,auc_or_stat,0.7896875
E1,A_fnn,snr,0.8,auc_or_stat,0.59755859375
E1,B_ring,snr,0.8,auc_or_stat,0.5303906250000001
E1,B_ringmax,snr,0.8,auc_or_stat,0.483671875
E1,B_ph_rf,snr,0.8,auc_or_stat,0.5528320312499999
E1,B_perch_rf,snr,0.8,auc_or_stat,0.53365234375
E1,C_classic_rf,snr,0.8,auc_or_stat,0.9999609375
E1,BC_rf,snr,0.8,auc_or_stat,0.9999218750000001
E1,PC_C_rf,snr,0.8,auc_or_stat,0.9999609375
E1,ring_pos,snr,0.8,auc_or_stat,258.675
E1,ring_neg,snr,0.8,auc_or_stat,255.325
E1,ringmax_pos,snr,0.8,auc_or_stat,85.74375
E1,ringmax_neg,snr,0.8,auc_or_stat,86.15
E1,r2_pos,snr,0.8,auc_or_stat,-0.08756002778176855
E1,r2_neg,snr,0.8,auc_or_stat,-0.14578443545297692
E1,fnn_pos,snr,0.8,auc_or_stat,0.09702868852459016
E1,fnn_neg,snr,0.8,auc_or_stat,0.1009093237704918
E1,A_r2,snr,1.6,auc_or_stat,0.9896874999999999
E1,A_fnn,snr,1.6,auc_or_stat,0.65728515625
E1,B_ring,snr,1.6,auc_or_stat,0.4873046874999999
E1,B_ringmax,snr,1.6,auc_or_stat,0.394296875
E1,B_ph_rf,snr,1.6,auc_or_stat,0.6438671874999999
E1,B_perch_rf,snr,1.6,auc_or_stat,0.9057031250000002
E1,C_classic_rf,snr,1.6,auc_or_stat,1.0
E1,BC_rf,snr,1.6,auc_or_stat,1.0
E1,PC_C_rf,snr,1.6,auc_or_stat,1.0
E1,ring_pos,snr,1.6,auc_or_stat,258.725
E1,ring_neg,snr,1.6,auc_or_stat,259.325
E1,ringmax_pos,snr,1.6,auc_or_stat,83.84375
E1,ringmax_neg,snr,1.6,auc_or_stat,86.95
E1,r2_pos,snr,1.6,auc_or_stat,0.21178053984422318
E1,r2_neg,snr,1.6,auc_or_stat,-0.1458471648457395
E1,fnn_pos,snr,1.6,auc_or_stat,0.09029200819672131
E1,fnn_neg,snr,1.6,auc_or_stat,0.09939805327868853
E1,A_r2,snr,3.2,auc_or_stat,0.99984375
E1,A_fnn,snr,3.2,auc_or_stat,0.69921875
E1,B_ring,snr,3.2,auc_or_stat,0.43990234375000004
E1,B_ringmax,snr,3.2,auc_or_stat,0.41503906250000006
E1,B_ph_rf,snr,3.2,auc_or_stat,0.76005859375
E1,B_perch_rf,snr,3.2,auc_or_stat,0.999921875
E1,C_classic_rf,snr,3.2,auc_or_stat,1.0
E1,BC_rf,snr,3.2,auc_or_stat,1.0
E1,PC_C_rf,snr,3.2,auc_or_stat,1.0
E1,ring_pos,snr,3.2,auc_or_stat,245.76875
E1,ring_neg,snr,3.2,auc_or_stat,254.93125
E1,ringmax_pos,snr,3.2,auc_or_stat,84.125
E1,ringmax_neg,snr,3.2,auc_or_stat,86.575
E1,r2_pos,snr,3.2,auc_or_stat,0.46367686424474464
E1,r2_neg,snr,3.2,auc_or_stat,-0.14728838691813145
E1,fnn_pos,snr,3.2,auc_or_stat,0.0807889344262295
E1,fnn_neg,snr,3.2,auc_or_stat,0.10076844262295082
E2,A_r2,jitter,0.0,auc_or_stat,0.7896875
E2,A_fnn,jitter,0.0,auc_or_stat,0.59755859375
E2,B_ring,jitter,0.0,auc_or_stat,0.5303906250000001
E2,B_ringmax,jitter,0.0,auc_or_stat,0.483671875
E2,B_ph_rf,jitter,0.0,auc_or_stat,0.5528320312499999
E2,B_perch_rf,jitter,0.0,auc_or_stat,0.53365234375
E2,C_classic_rf,jitter,0.0,auc_or_stat,0.9999609375
E2,BC_rf,jitter,0.0,auc_or_stat,0.9999218750000001
E2,PC_C_rf,jitter,0.0,auc_or_stat,0.9999609375
E2,ring_pos,jitter,0.0,auc_or_stat,258.675
E2,ring_neg,jitter,0.0,auc_or_stat,255.325
E2,ringmax_pos,jitter,0.0,auc_or_stat,85.74375
E2,ringmax_neg,jitter,0.0,auc_or_stat,86.15
E2,r2_pos,jitter,0.0,auc_or_stat,-0.08756002778176855
E2,r2_neg,jitter,0.0,auc_or_stat,-0.14578443545297692
E2,fnn_pos,jitter,0.0,auc_or_stat,0.09702868852459016
E2,fnn_neg,jitter,0.0,auc_or_stat,0.1009093237704918
E2,A_r2,jitter,0.1,auc_or_stat,0.7541015624999999
E2,A_fnn,jitter,0.1,auc_or_stat,0.5291406250000001
E2,B_ring,jitter,0.1,auc_or_stat,0.4960546875
E2,B_ringmax,jitter,0.1,auc_or_stat,0.5007031249999999
E2,B_ph_rf,jitter,0.1,auc_or_stat,0.54078125
E2,B_perch_rf,jitter,0.1,auc_or_stat,0.50046875
E2,C_classic_rf,jitter,0.1,auc_or_stat,0.999921875
E2,BC_rf,jitter,0.1,auc_or_stat,0.9998046875000001
E2,PC_C_rf,jitter,0.1,auc_or_stat,0.9999218750000001
E2,ring_pos,jitter,0.1,auc_or_stat,258.2625
E2,ring_neg,jitter,0.1,auc_or_stat,257.76875
E2,ringmax_pos,jitter,0.1,auc_or_stat,86.625
E2,ringmax_neg,jitter,0.1,auc_or_stat,86.6125
E2,r2_pos,jitter,0.1,auc_or_stat,-0.09141283339311201
E2,r2_neg,jitter,0.1,auc_or_stat,-0.142185652116832
E2,fnn_pos,jitter,0.1,auc_or_stat,0.09815573770491803
E2,fnn_neg,jitter,0.1,auc_or_stat,0.09938524590163934
E2,A_r2,jitter,0.25,auc_or_stat,0.8255078125
E2,A_fnn,jitter,0.25,auc_or_stat,0.5677539062500001
E2,B_ring,jitter,0.25,auc_or_stat,0.5255664062500001
E2,B_ringmax,jitter,0.25,auc_or_stat,0.489375
E2,B_ph_rf,jitter,0.25,auc_or_stat,0.47337890625
E2,B_perch_rf,jitter,0.25,auc_or_stat,0.5580078125
E2,C_classic_rf,jitter,0.25,auc_or_stat,1.0
E2,BC_rf,jitter,0.25,auc_or_stat,0.9999999999999999
E2,PC_C_rf,jitter,0.25,auc_or_stat,0.999765625
E2,ring_pos,jitter,0.25,auc_or_stat,259.1
E2,ring_neg,jitter,0.25,auc_or_stat,253.2125
E2,ringmax_pos,jitter,0.25,auc_or_stat,85.89375
E2,ringmax_neg,jitter,0.25,auc_or_stat,86.18125
E2,r2_pos,jitter,0.25,auc_or_stat,-0.08832569263920835
E2,r2_neg,jitter,0.25,auc_or_stat,-0.14900618699442741
E2,fnn_pos,jitter,0.25,auc_or_stat,0.09792520491803278
E2,fnn_neg,jitter,0.25,auc_or_stat,0.10044825819672129
E2,A_r2,jitter,0.5,auc_or_stat,0.75515625
E2,A_fnn,jitter,0.5,auc_or_stat,0.5290625
E2,B_ring,jitter,0.5,auc_or_stat,0.518125
E2,B_ringmax,jitter,0.5,auc_or_stat,0.52958984375
E2,B_ph_rf,jitter,0.5,auc_or_stat,0.52873046875
E2,B_perch_rf,jitter,0.5,auc_or_stat,0.5204882812499999
E2,C_classic_rf,jitter,0.5,auc_or_stat,0.9996875
E2,BC_rf,jitter,0.5,auc_or_stat,0.999609375
E2,PC_C_rf,jitter,0.5,auc_or_stat,0.99857421875
E2,ring_pos,jitter,0.5,auc_or_stat,256.13125
E2,ring_neg,jitter,0.5,auc_or_stat,253.83125
E2,ringmax_pos,jitter,0.5,auc_or_stat,86.35
E2,ringmax_neg,jitter,0.5,auc_or_stat,85.51875
E2,r2_pos,jitter,0.5,auc_or_stat,-0.11449818013188562
E2,r2_neg,jitter,0.5,auc_or_stat,-0.15125977875416102
E2,fnn_pos,jitter,0.5,auc_or_stat,0.09852715163934427
E2,fnn_neg,jitter,0.5,auc_or_stat,0.09950051229508197
T2,B_ph_rf,snr,1.0,acc,0.32916666666666666
T2,B_ph_rf,snr,1.0,f1_macro,0.3276561158140105
T2,B_perch_rf,snr,1.0,acc,0.5125
T2,B_perch_rf,snr,1.0,f1_macro,0.508659961064539
T2,C_classic_rf,snr,1.0,acc,1.0
T2,C_classic_rf,snr,1.0,f1_macro,1.0
T2,BC_rf,snr,1.0,acc,1.0
T2,BC_rf,snr,1.0,f1_macro,1.0
T2,PC_C_rf,snr,1.0,acc,1.0
T2,PC_C_rf,snr,1.0,f1_macro,1.0
T0,A_r2,none,0.0,auc_or_stat,0.44921875
T0,A_fnn,none,0.0,auc_or_stat,0.0
T0,B_ring,none,0.0,auc_or_stat,0.0
T0,B_ringmax,none,0.0,auc_or_stat,1.9531249999999933e-05
T0,B_ph_rf,none,0.0,auc_or_stat,1.0
T0,B_perch_rf,none,0.0,auc_or_stat,1.0
T0,C_classic_rf,none,0.0,auc_or_stat,1.0
T0,BC_rf,none,0.0,auc_or_stat,1.0
T0,ring_ar,none,0.0,auc_or_stat,253.95
T0,ring_hawkes,none,0.0,auc_or_stat,39.79375
T0,ringmax_ar,none,0.0,auc_or_stat,85.8875
T0,ringmax_hawkes,none,0.0,auc_or_stat,34.7875
